{
  "timestamp": 1749001355.402557,
  "results": [
    {
      "test_type": "health_check_performance",
      "success_rate": 1.0,
      "avg_response_time": 0.001627335548400879,
      "min_response_time": 0.0009410381317138672,
      "max_response_time": 0.033879995346069336,
      "p95_response_time": 0.0030002355575561523
    },
    {
      "test_type": "concurrent_requests",
      "total_requests": 50,
      "successful_requests": 50,
      "failed_requests": 0,
      "total_time": 0.030386924743652344,
      "throughput": 1645.444559520447,
      "avg_response_time": 0.0027652788162231445
    },
    {
      "test_type": "process_performance",
      "success_rate": 1.0,
      "avg_response_time": 0.0016022920608520508,
      "min_response_time": 0.00127410888671875,
      "max_response_time": 0.0022051334381103516,
      "p95_response_time": 0.0022000789642333983
    },
    {
      "test_type": "load_stability",
      "duration_minutes": 2.0003300388654073,
      "total_requests": 1106,
      "success_rate": 1.0,
      "throughput": 9.215145988503362,
      "avg_response_time": 0.004119050006969928
    }
  ]
}